﻿<?xml version="1.0" encoding="utf-8" ?>
<!--Created:cb85b80c-f585-40ff-8bfc-12ff4d0e34a9-->
<App xmlns="http://schemas.microsoft.com/sharepoint/2012/app/manifest"
     Name="myList"
     ProductID="{bcc0fa90-4286-4c62-83b2-041dd5181a67}"
     Version="1.0.0.0"
     SharePointMinVersion="16.0.0.0"
>
  <Properties>
    <StartPage>~appWebUrl/Pages/Default.aspx?{StandardTokens}</StartPage>
    <Title>Back to home</Title>
  </Properties>

  <AppPrincipal>
    <Internal />
  </AppPrincipal>
  <AppPermissionRequests>
    <AppPermissionRequest Scope="http://sharepoint/content/sitecollection" Right="FullControl" />
    <AppPermissionRequest Scope="http://sharepoint/content/sitecollection/web" Right="FullControl" />
    <AppPermissionRequest Scope="http://sharepoint/content/sitecollection/web/list" Right="FullControl" />
  </AppPermissionRequests>
</App>
